{
    "ownerId": "none",
    "channels": {
        "channelLogsPrivId": "1440900959407439912",
        "channelLogsPublicId": "1440900978797842532",
        "categoryCartsId": "1441200192861769809"
    },
    "roles": {
        "roleCustomerId": "1440900810681614376"
    },
    "images": {
        "bannerUrl": "none",
        "thumbUrl": "https://cdn.discordapp.com/attachments/1226885890316701829/1240622081176240180/standard_2.gif?ex=66473ad9&is=6645e959&hm=ef637c3072a6d56f299ee4c13a20b74842a198e0b6af8bca113495a51a25d033&"
    },
    "embeds": {
        "color": "#CC33FF"
    },
    "payments": {
        "mpAcessToken": "APP_USR-1733691675755522-070311-7f7eeb60884259b01e9dd8f817b15c9c-1282341337",
        "paymentsOptions": {
            "pix": false,
            "balance": false,
            "site": false,
            "semiAuto": true
        }
    },
    "balance": {
        "bonusDeposit": 0.1,
        "minimumDeposit": 0.5
    },
    "semiAuto": {
        "pix": {
            "key": "gxstorepagamentos@gmail.com",
            "keyType": "Email"
        },
        "qrCode": "none"
    },
    "termsPurchase": "# Política de Reembolso da GX Store: #\n\n\n\n1. **Reembolso por Erro no Produto:**\n   - A GX Store oferece reembolso total ou troca do produto em caso de erro no produto enviado. Se o produto recebido não corresponder ao pedido feito pelo cliente, o reembolso será processado sem custos adicionais.\n\n2. **Reembolso por Bug ou Defeito de Fabricação:**\n   - Em caso de identificação de bug ou defeito de fabricação no produto, a GX Store oferece a opção de reembolso ou troca do item. O cliente deve entrar em contato com o suporte ao cliente e fornecer detalhes sobre o problema para que a solicitação seja avaliada.\n\n3. **Prazo para Solicitação de Reembolso:**\n   - O cliente deve solicitar o reembolso dentro de um prazo de até 7 dias após a entrega do produto. Solicitações feitas após esse período não serão aceitas, exceto em casos excepcionais  critério da GX Store.\n\n4. **Processo de Reembolso:**\n   - Para solicitar um reembolso, o cliente deve entrar em contato com o suporte ao cliente da GX Store e fornecer informações detalhadas sobre o motivo da solicitação. O processo de reembolso será iniciado após a avaliação do caso.\n\n5. **Acompanhamento do Reembolso:**\n\n   - Em caso de dúvidas ou problemas, o suporte ao cliente estará disponível para auxiliar.\n\n<#1224562349231570964> \n\n<@&1224564721580244992>",
    "newSales": true
}