{
    "1374594993011953757": {
        "page": "configuring-products-end",
        "products": {
            "p-nitromensal": {
                "messageId": "1374594996275122177",
                "productId": "nitromensal",
                "productName": "⭐ Nitro Mensal",
                "productPrice": 0.25,
                "productStock": 2,
                "purchasePrice": 0.25,
                "purchaseAmount": 1
            }
        },
        "purchaseCoupon": {
            "couponId": "none",
            "couponDiscount": "none"
        }
    },
    "1375856080445374574": {
        "page": "configuring-products-home",
        "products": {
            "p-nitromensal": {
                "messageId": "1375856082269765692",
                "productId": "nitromensal",
                "productName": "⭐ Nitro Mensal",
                "productPrice": 0.3,
                "productStock": 10,
                "purchasePrice": 0.3,
                "purchaseAmount": 1
            }
        },
        "purchaseCoupon": {
            "couponId": "none",
            "couponDiscount": "none"
        }
    },
    "1375981382500880566": {
        "page": "configuring-products-end",
        "products": {
            "p-nitromensal": {
                "messageId": "1375981385365590026",
                "productId": "nitromensal",
                "productName": "⭐ Nitro Mensal",
                "productPrice": 0.3,
                "productStock": 19,
                "purchasePrice": 5.7,
                "purchaseAmount": 19
            }
        },
        "purchaseCoupon": {
            "couponId": "none",
            "couponDiscount": "none"
        }
    },
    "1377795121944330250": {
        "page": "configuring-products-end",
        "products": {
            "p-nitradas": {
                "messageId": "1377795124112920656",
                "productId": "nitradas",
                "productName": "🌟 - Nitrada Mensal",
                "productPrice": 1.55,
                "productStock": 1,
                "purchasePrice": 1.55,
                "purchaseAmount": 1
            }
        },
        "purchaseCoupon": {
            "couponId": "none",
            "couponDiscount": "none"
        }
    }
}