{
    "1p": {
        "id": "1p",
        "embed": {
            "title": "PRODUTOS DO 7",
            "description": "♻️ PRODUTOS DE USO ILIMITADO \n♻️ GARANTIA DE 1000%\n♻️ PRODUTO COM STOCK INFINITO",
            "color": "none",
            "bannerUrl": "none",
            "thumbUrl": "none",
            "footer": "BY: @.gg/gxstore 💸"
        },
        "selectMenu": {
            "placeholder": "Selecione um Produto"
        },
        "products": {
            "2p": {
                "id": "2p",
                "emoji": "🛒"
            },
            "3p": {
                "id": "3p",
                "emoji": "🛒"
            },
            "4p": {
                "id": "4p",
                "emoji": "🛒"
            },
            "5p": {
                "id": "5p",
                "emoji": "🛒"
            },
            "6p": {
                "id": "6p",
                "emoji": "🛒"
            }
        },
        "msgLocalization": {
            "channelId": "1243043501755600928",
            "messageId": "1243054098211803210"
        }
    },
    "1pn": {
        "id": "1pn",
        "embed": {
            "title": "🖼️ - SEGUIDORES INTAGRAM",
            "description": "DEIXE SUA CONTA DO INTAGRAM FAMOSINHA \n🪽 • SEGUIDORES REAIS \n🪽 • 0 CHANCE DE QUEDA\n🪽 • CONTA NAO PODE SER PRIVADA",
            "color": "none",
            "bannerUrl": "none",
            "thumbUrl": "none",
            "footer": "para comprar maiores quantidades abra ticket"
        },
        "selectMenu": {
            "placeholder": "🛒 - PRODUTOS"
        },
        "products": {
            "1pp": {
                "id": "1pp",
                "emoji": "🛒"
            },
            "2pp": {
                "id": "2pp",
                "emoji": "🛒"
            },
            "3pp": {
                "id": "3pp",
                "emoji": "🛒"
            },
            "4pp": {
                "id": "4pp",
                "emoji": "🛒"
            }
        },
        "msgLocalization": {
            "channelId": "1248343923005591572",
            "messageId": "1248352441431232624"
        }
    },
    "1nitradas": {
        "id": "1nitradas",
        "embed": {
            "title": "Não configurado(a).",
            "description": "Não configurado(a).",
            "color": "none",
            "bannerUrl": "none",
            "thumbUrl": "none",
            "footer": "none"
        },
        "selectMenu": {
            "placeholder": "Selecione um Produto"
        },
        "products": [
            null,
            null,
            null,
            null,
            null,
            null,
            null,
            null,
            null,
            null,
            null,
            null,
            null,
            null,
            null,
            null,
            null,
            null,
            {
                "id": "18",
                "emoji": "🛒"
            },
            {
                "id": "19",
                "emoji": "🛒"
            }
        ],
        "msgLocalization": {
            "channelId": "1226885890316701829",
            "messageId": "1259952616000192513"
        }
    },
    "1pia": {
        "id": "1pia",
        "embed": {
            "title": "Não configurado(a).",
            "description": "Não configurado(a).",
            "color": "none",
            "bannerUrl": "none",
            "thumbUrl": "none",
            "footer": "none"
        },
        "selectMenu": {
            "placeholder": "Selecione um Produto"
        },
        "products": [
            null,
            null,
            null,
            null,
            null,
            null,
            null,
            null,
            null,
            null,
            null,
            null,
            null,
            null,
            null,
            null,
            null,
            null,
            {
                "id": "18",
                "emoji": "🛒"
            },
            {
                "id": "19",
                "emoji": "🛒"
            }
        ],
        "msgLocalization": {
            "channelId": "1226885890316701829",
            "messageId": "1259953858239660053"
        }
    },
    "1ni": {
        "id": "1ni",
        "embed": {
            "title": "Não configurado(a).",
            "description": "Não configurado(a).",
            "color": "none",
            "bannerUrl": "none",
            "thumbUrl": "none",
            "footer": "none"
        },
        "selectMenu": {
            "placeholder": "Selecione um Produto"
        },
        "products": [
            null,
            null,
            null,
            null,
            null,
            null,
            null,
            null,
            null,
            null,
            null,
            null,
            null,
            null,
            null,
            null,
            null,
            null,
            {
                "id": "18",
                "emoji": "🛒"
            },
            {
                "id": "19",
                "emoji": "🛒"
            }
        ],
        "msgLocalization": {
            "channelId": "1226885890316701829",
            "messageId": "1259956688421654559"
        }
    },
    "0001": {
        "id": "0001",
        "embed": {
            "title": "ASSINATURAS 💎",
            "description": "💎 ASSINATURAS SO SUAS\n💎 10 DIAS DE GARANTIA EM TODAS\n💎 COM GRANDES CHANCES DE REATIVAR \n💎 MELHOR QUALIDADE",
            "color": "none",
            "bannerUrl": "https://cdn.discordapp.com/attachments/1226885890316701829/1267904005858787338/IMG_5687.jpg?ex=66aa7b1f&is=66a9299f&hm=3b2ced9a6257de8cdb33c7547d53a11291aba99fc456a4addea6904fbc68fe82&",
            "thumbUrl": "none",
            "footer": "melhor preço e garantia"
        },
        "selectMenu": {
            "placeholder": "Selecione um Produto"
        },
        "products": {
            "0001": {
                "id": "0001",
                "emoji": "🛒"
            },
            "0002": {
                "id": "0002",
                "emoji": "🛒"
            },
            "0003": {
                "id": "0003",
                "emoji": "🛒"
            },
            "0004": {
                "id": "0004",
                "emoji": "🛒"
            }
        },
        "msgLocalization": {
            "channelId": "1373823780379693096",
            "messageId": "1374120905499738124"
        }
    },
    "nitros": {
        "id": "nitros",
        "embed": {
            "title": "N1TRO LINK 🚀",
            "description": "- | 100% Checkados\n-  | 2 Boost Ativos\n-  | Garanta ja o seu\n-  | Garantia 15 minutos\n-  |  Melhor preço do mercado  ",
            "color": "none",
            "bannerUrl": "https://cdn.discordapp.com/attachments/1377425673865400422/1380333665749565532/654580c0a25af460db3ebc23_DIS_MKT_NITRO_DROP_Blog_Header.jpg?ex=68437f67&is=68422de7&hm=6fa65fcc3ca6e1500881195063ba2afba68c2d2ff2a8bea515b35f0536a9a10e&",
            "thumbUrl": "none",
            "footer": "none"
        },
        "selectMenu": {
            "placeholder": "Selecione um Produto"
        },
        "products": {
            "nitromensal": {
                "id": "nitromensal",
                "emoji": "🛒"
            }
        },
        "msgLocalization": {
            "channelId": "1440901001891545281",
            "messageId": "1448868454248484914"
        }
    },
    "netflix": {
        "id": "netflix",
        "embed": {
            "title": "NETFLIX",
            "description": "N3tfl1x Tel4\n- Melhor plano 4K\n- Tel4 privada +PIN\n- 7 dias de garantia\n\nN3tfl1x Email\n- Melhor plano 4K\n- Ativada no seu e-mail\n- 10 dias de garantia\n\nN3tfl1x ADM\n- Melhor plano 4K\n- Altera e-mail e senha \n- Acesso 5 telas +extras\n- Melhor custo para revender",
            "color": "none",
            "bannerUrl": "https://i.pinimg.com/originals/bb/74/04/bb74046420c4c992b8cabc6e667abe40.gif",
            "thumbUrl": "none",
            "footer": "none"
        },
        "selectMenu": {
            "placeholder": "Selecione um Produto"
        },
        "products": {
            "netflixadm": {
                "id": "netflixadm",
                "emoji": "🛒"
            },
            "netflixtela": {
                "id": "netflixtela",
                "emoji": "🛒"
            },
            "netflixemail": {
                "id": "netflixemail",
                "emoji": "🛒"
            }
        },
        "msgLocalization": {
            "channelId": "1377425662763208814",
            "messageId": "1377499394089291926"
        }
    },
    "botvendas": {
        "id": "botvendas",
        "embed": {
            "title": "BOT VENDAS",
            "description": "- Bot De Vendas que eu uso\n- Source  completa ( com vendas semi e automátics\n-  ensino a configurar",
            "color": "none",
            "bannerUrl": "https://cdn.discordapp.com/attachments/1373823780379693096/1373853012367249579/IMG-20250518-WA0017.jpg?ex=682bebd3&is=682a9a53&hm=1f3bbe1f621d462b267624168626e8a20ec380953ca6c720567f73225e3e0151&",
            "thumbUrl": "none",
            "footer": "none"
        },
        "selectMenu": {
            "placeholder": "Selecione um Produto"
        },
        "products": {
            "botvendas": {
                "id": "botvendas",
                "emoji": "🛒"
            }
        },
        "msgLocalization": {
            "channelId": "1377431632197451790",
            "messageId": "1377499584527466617"
        }
    },
    "spotify": {
        "id": "spotify",
        "embed": {
            "title": "SPOTIFY",
            "description": "Full Acesso (conta só sua)\n Senha, perfil, e todos dados alteráveis Garantia de 10 dias\n\n após alteração de dados , não nos responsabilizamos mais pelo produto",
            "color": "none",
            "bannerUrl": "https://cdn.dribbble.com/users/441326/screenshots/3165191/spotify-gif---oliver-keane.gif",
            "thumbUrl": "none",
            "footer": "none"
        },
        "selectMenu": {
            "placeholder": "Selecione um Produto"
        },
        "products": {
            "spotifymensal": {
                "id": "spotifymensal",
                "emoji": "🛒"
            },
            "spotifybimestral": {
                "id": "spotifybimestral",
                "emoji": "🛒"
            },
            "spotifytrimensal": {
                "id": "spotifytrimensal",
                "emoji": "🛒"
            }
        },
        "msgLocalization": {
            "channelId": "1377425663966974053",
            "messageId": "1377499447000432661"
        }
    },
    "+18": {
        "id": "+18",
        "embed": {
            "title": "COMPRE SE FOR +18",
            "description": "- Os melhores conteúdos das atrizes\n- Conteúdo totalmente atualizado\n- Qualidade garantida e acesso imediato\n Compre se for +18 ",
            "color": "none",
            "bannerUrl": "https://cdn.discordapp.com/attachments/1377425673865400422/1380310822127013908/IMG-20250605-WA0023.jpg?ex=68436a20&is=684218a0&hm=1429dcb7a957800844c2e58c3e749650bf79e3013d542fef22c56c82ab4ab520&",
            "thumbUrl": "none",
            "footer": "none"
        },
        "selectMenu": {
            "placeholder": "Selecione um Produto"
        },
        "products": {
            "+18": {
                "id": "+18",
                "emoji": "🛒"
            }
        },
        "msgLocalization": {
            "channelId": "1380310076333490186",
            "messageId": "1380310317375946762"
        }
    },
    "cheker": {
        "id": "cheker",
        "embed": {
            "title": "CHEKER NITRO!",
            "description": "Cheka se os links nitro estão funcionando \n• cheka mais de 5m de nitro por segundo \n• não gera apenas cheka\n• cheka os links mensais e trimensal \n•unica loja vendendo!",
            "color": "none",
            "bannerUrl": "none",
            "thumbUrl": "none",
            "footer": "none"
        },
        "selectMenu": {
            "placeholder": "Selecione um Produto"
        },
        "products": {
            "chekernitro": {
                "id": "chekernitro",
                "emoji": "🛒"
            }
        },
        "msgLocalization": {
            "channelId": "1374944156761460837",
            "messageId": "1375857367085744288"
        }
    },
    "contafreefire": {
        "id": "contafreefire",
        "embed": {
            "title": "CONTAS FF",
            "description": "Conta só sua \n• 300 Dima\n↓↓\nAlgumas podem contar o (passe de Elite)",
            "color": "none",
            "bannerUrl": "https://cdn.discordapp.com/attachments/1373823780379693096/1376047376036528178/IMG-20250525-WA0000.jpg?ex=6833e77c&is=683295fc&hm=d1de7e6739ad9c37c7e1f00ccddebdb3fc42c896c8f0f49e18fde3747d6d1832&",
            "thumbUrl": "none",
            "footer": "none"
        },
        "selectMenu": {
            "placeholder": "Selecione um Produto"
        },
        "products": {
            "contafreefire": {
                "id": "contafreefire",
                "emoji": "🛒"
            }
        },
        "msgLocalization": {
            "channelId": "1377425673865400422",
            "messageId": "1380739522282651668"
        }
    },
    "nitradas": {
        "id": "nitradas",
        "embed": {
            "title": "Nitradas",
            "description": "- Conta Full Acesso, Muda Email, Senha etc...\n- Contas Nitradas Possui Nitro.\n- Boost Livres\n- Formato: email:senha:token\n- +20 dias de garantia de nitro\n\n  O EMAIL TAMBEM E A SENHA\n\nsites para login:\n[@1secmail](https://www.1secmail.cc/en)\n\n-# Nenhum reembolso caso o discord revogue os nitros ou desabilite as contas.",
            "color": "none",
            "bannerUrl": "https://cdn.discordapp.com/attachments/1386441203486035985/1386488068965535794/aa2ccac9401b5fbc466e33b9a4156070.sm.jpg?ex=6859e323&is=685891a3&hm=a7d4261298c8d45e9939f6622ec969c64be9384b95eaebc285076d331050f5ee&",
            "thumbUrl": "none",
            "footer": "none"
        },
        "selectMenu": {
            "placeholder": "Selecione um Produto"
        },
        "products": {
            "nitradas": {
                "id": "nitradas",
                "emoji": "🛒"
            }
        },
        "msgLocalization": {
            "channelId": "1440900992228134995",
            "messageId": "1450096504546263041"
        }
    },
    "impulsos": {
        "id": "impulsos",
        "embed": {
            "title": "14 BOOST",
            "description": "- Impulsos Para Seu Servidor,\n- Enviamos o boost para qualquer servidor,\n- Entregamos dentro do tempo determinado,\n- 14x Boosters Mensais\n- Entregas em até 48h  ou reembolsamos!",
            "color": "none",
            "bannerUrl": "https://cdn.discordapp.com/attachments/1377425673865400422/1380725242158387321/ed4af4a2207da90e5a2e0ed51c221f74.sm.jpg?ex=6844ec16&is=68439a96&hm=078de0f6cae1b91c1dc61b0a52da9f66dda5b99a9408b275b801ae81647ae6cf&",
            "thumbUrl": "none",
            "footer": "none"
        },
        "selectMenu": {
            "placeholder": "Selecione um Produto"
        },
        "products": {
            "14xboost": {
                "id": "14xboost",
                "emoji": "🛒"
            }
        },
        "msgLocalization": {
            "channelId": "1386441202030739710",
            "messageId": "1386487379791052811"
        }
    },
    "modelloja": {
        "id": "modelloja",
        "embed": {
            "title": "Modelo Loja",
            "description": "- Modelos muitos lindos.\n- Exclusivos.\n- Ninguém tem.\n- O modelo de loja",
            "color": "none",
            "bannerUrl": "https://cdn.discordapp.com/attachments/1377425673865400422/1380932497742761984/IMG-20250607-WA0004.jpg?ex=6845ad1b&is=68445b9b&hm=30d7b9990ec40b64c3c0db5af22a54dcde8d311bb17390d92e415058ee778e0c&",
            "thumbUrl": "none",
            "footer": "none"
        },
        "selectMenu": {
            "placeholder": "Selecione um Produto"
        },
        "products": {
            "modelloja": {
                "id": "modelloja",
                "emoji": "🛒"
            }
        },
        "msgLocalization": {
            "channelId": "1380932966120820746",
            "messageId": "1380933033879801999"
        }
    },
    "acc": {
        "id": "acc",
        "embed": {
            "title": "CONTAS VIRGENS",
            "description": "☯️ Conta vazia, totalmente zerada.\n☯️ Conta Full Acesso.\n☯️ Senha/Email alterável..\n☯️ Nunca teve nitro.\n☯️ Garantia de 24 horas para waveban.\n☯️ Utilizada para ativação de nitros.\n☯️ A Conta não vem com nitro incluso.\n☯️ Após a compra, altere o email principal do discord para um gmail seu.",
            "color": "none",
            "bannerUrl": "https://cdn.discordapp.com/attachments/1386441203486035985/1386489571507703848/IMG-20250622-WA0006.jpg?ex=6859e489&is=68589309&hm=b99a500440efa2db7fef121639dab4bd5297945ca7838a244d816b2cf1c36fbf&",
            "thumbUrl": "none",
            "footer": "none"
        },
        "selectMenu": {
            "placeholder": "Selecione um Produto"
        },
        "products": {
            "acc": {
                "id": "acc",
                "emoji": "🛒"
            },
            "acc30d": {
                "id": "acc30d",
                "emoji": "🛒"
            }
        },
        "msgLocalization": {
            "channelId": "1386441202030739713",
            "messageId": "1386489847195238533"
        }
    },
    "ativacao": {
        "id": "ativacao",
        "embed": {
            "title": "ATIVAÇÕES",
            "description": "・ Ativamos o Nitro na sua conta.\n・ Precisa De Link De nitro\n・ Processo 100% confiável.\n・ Precisamos do seu login e senha.\n \nCartão: vc recebe um cartão pra ativar seu nitro\n- consegue ativar nitro em 4 contas.\n- serve apenas para nitro comprou outra coisa o cartão e bloqueado e nao tem reembolso\n- Comprou? já recebe automático.",
            "color": "none",
            "bannerUrl": "https://cdn.discordapp.com/attachments/1386441203003953238/1386491539869405235/IMG-20250622-WA0007.jpg?ex=6859e65e&is=685894de&hm=b91e7aeaf042bda8f140bfd7f94246387394a9c804b104e2c7fd5f28dc459f53&",
            "thumbUrl": "none",
            "footer": "none"
        },
        "selectMenu": {
            "placeholder": "Selecione um Produto"
        },
        "products": {
            "ativação": {
                "id": "ativação",
                "emoji": "🛒"
            },
            "cartão(vcmesmoativa)": {
                "id": "cartão(vcmesmoativa)",
                "emoji": "🛒"
            }
        },
        "msgLocalization": {
            "channelId": "1386441202030739714",
            "messageId": "1386491733008715881"
        }
    }
}