{
    "1195313721711546388": {
        "ordersTotal": 23,
        "paidsTotal": 26.42999999999999,
        "lastPurchase": "2024-07-08T02:33:06.010Z",
        "balance": 0
    },
    "1220849263702179871": {
        "ordersTotal": 2,
        "paidsTotal": 5.55,
        "lastPurchase": "2024-05-20T18:36:19.888Z"
    },
    "1199012133392883765": {
        "ordersTotal": 1,
        "paidsTotal": 0.88,
        "lastPurchase": "2024-05-21T16:22:56.983Z"
    },
    "537047534561001472": {
        "ordersTotal": 2,
        "paidsTotal": 2.88,
        "lastPurchase": "2024-05-21T19:25:54.576Z"
    },
    "1194320090007605318": {
        "ordersTotal": 4,
        "paidsTotal": 11.1,
        "lastPurchase": "2024-05-22T19:10:55.462Z"
    },
    "859070021349933116": {
        "ordersTotal": 4,
        "paidsTotal": 8.1,
        "lastPurchase": "2024-05-24T00:05:53.503Z"
    },
    "1233092505403265084": {
        "ordersTotal": 1,
        "paidsTotal": 2,
        "lastPurchase": "2024-05-24T21:27:45.900Z"
    },
    "1171890894463574047": {
        "ordersTotal": 1,
        "paidsTotal": 0.55,
        "lastPurchase": "2024-05-25T03:44:40.925Z"
    },
    "1216178935185014880": {
        "ordersTotal": 1,
        "paidsTotal": 0.55,
        "lastPurchase": "2024-05-25T15:41:44.188Z"
    },
    "1178850549039382600": {
        "ordersTotal": 1,
        "paidsTotal": 0.55,
        "lastPurchase": "2024-05-25T18:02:46.395Z"
    },
    "1232120616560234549": {
        "ordersTotal": 1,
        "paidsTotal": 2,
        "lastPurchase": "2024-05-26T15:22:51.705Z"
    },
    "1240285732216766505": {
        "ordersTotal": 1,
        "paidsTotal": 0.55,
        "lastPurchase": "2024-05-26T15:23:00.908Z"
    },
    "987046995157975101": {
        "ordersTotal": 1,
        "paidsTotal": 0.55,
        "lastPurchase": "2024-05-26T23:50:20.225Z"
    },
    "1234109519957590120": {
        "ordersTotal": 6,
        "paidsTotal": 8.92,
        "lastPurchase": "2024-06-16T23:47:22.333Z"
    },
    "1245728667200393280": {
        "ordersTotal": 2,
        "paidsTotal": 5.7,
        "lastPurchase": "2024-05-30T14:18:59.687Z"
    },
    "1233229552939958274": {
        "ordersTotal": 1,
        "paidsTotal": 1,
        "lastPurchase": "2024-06-03T03:32:47.402Z"
    },
    "1235732318962847767": {
        "ordersTotal": 3,
        "paidsTotal": 14.75,
        "lastPurchase": "2024-06-10T23:48:12.506Z",
        "balance": 342.5
    },
    "891173637921591307": {
        "ordersTotal": 2,
        "paidsTotal": 3,
        "lastPurchase": "2024-06-05T20:47:12.980Z"
    },
    "1232014510488031403": {
        "ordersTotal": 2,
        "paidsTotal": 5.7,
        "lastPurchase": "2024-06-08T02:42:40.789Z"
    },
    "964994720365416468": {
        "ordersTotal": 1,
        "paidsTotal": 3.7,
        "lastPurchase": "2024-06-12T16:14:43.358Z"
    },
    "1233150758560469044": {
        "ordersTotal": 1,
        "paidsTotal": 3.7,
        "lastPurchase": "2024-06-15T22:09:45.779Z"
    },
    "936447971950755891": {
        "ordersTotal": 2,
        "paidsTotal": 5.7,
        "lastPurchase": "2024-06-15T23:57:30.638Z"
    },
    "1160647383277895871": {
        "ordersTotal": 6,
        "paidsTotal": 11.7,
        "lastPurchase": "2024-06-24T03:52:33.853Z"
    },
    "1111513891193769984": {
        "ordersTotal": 1,
        "paidsTotal": 3.7,
        "lastPurchase": "2024-06-16T18:20:38.918Z"
    },
    "1124186309255241828": {
        "ordersTotal": 1,
        "paidsTotal": 1.5,
        "lastPurchase": "2024-06-18T03:30:28.136Z"
    },
    "1041129151668699247": {
        "ordersTotal": 1,
        "paidsTotal": 1,
        "lastPurchase": "2024-06-19T17:35:51.378Z"
    },
    "969321478090801182": {
        "ordersTotal": 2,
        "paidsTotal": 2.92,
        "lastPurchase": "2024-06-20T12:33:43.384Z"
    },
    "949432567592026152": {
        "ordersTotal": 1,
        "paidsTotal": 1,
        "lastPurchase": "2024-06-21T01:03:02.378Z"
    },
    "1195426808317878336": {
        "ordersTotal": 2,
        "paidsTotal": 5.7,
        "lastPurchase": "2024-06-22T20:17:55.558Z"
    },
    "963453145638379570": {
        "ordersTotal": 4,
        "paidsTotal": 4,
        "lastPurchase": "2024-06-23T19:28:22.098Z"
    },
    "692231806447255622": {
        "ordersTotal": 3,
        "paidsTotal": 6.8,
        "lastPurchase": "2024-06-25T20:37:20.513Z"
    },
    "1012681465454133268": {
        "ordersTotal": 1,
        "paidsTotal": 2,
        "lastPurchase": "2024-06-24T16:00:07.103Z"
    },
    "1238970109507403837": {
        "ordersTotal": 3,
        "paidsTotal": 5,
        "lastPurchase": "2024-06-24T18:00:58.427Z"
    },
    "1105317574759161877": {
        "ordersTotal": 2,
        "paidsTotal": 4,
        "lastPurchase": "2024-06-28T23:35:31.692Z"
    },
    "1055250793810366604": {
        "ordersTotal": 2,
        "paidsTotal": 6.1,
        "lastPurchase": "2024-06-30T20:44:40.231Z"
    },
    "1246223249835163678": {
        "ordersTotal": 2,
        "paidsTotal": 12,
        "lastPurchase": "2024-06-28T03:03:26.218Z"
    },
    "768466373046697984": {
        "ordersTotal": 1,
        "paidsTotal": 1,
        "lastPurchase": "2024-06-28T14:28:45.411Z"
    },
    "1055459748759212103": {
        "ordersTotal": 1,
        "paidsTotal": 3.7,
        "lastPurchase": "2024-06-30T02:53:46.966Z"
    },
    "694571775568379954": {
        "ordersTotal": 2,
        "paidsTotal": 4,
        "lastPurchase": "2024-07-09T00:51:35.957Z"
    },
    "657028106829430807": {
        "ordersTotal": 1,
        "paidsTotal": 1.84,
        "lastPurchase": "2024-06-30T22:13:39.143Z"
    },
    "1239053653223014474": {
        "ordersTotal": 1,
        "paidsTotal": 0.92,
        "lastPurchase": "2024-07-01T02:59:24.199Z"
    },
    "1135029424996237375": {
        "ordersTotal": 1,
        "paidsTotal": 2,
        "lastPurchase": "2024-07-01T04:10:29.294Z"
    },
    "1248473129261600799": {
        "ordersTotal": 7,
        "paidsTotal": 5,
        "lastPurchase": "2024-07-01T05:21:59.174Z"
    },
    "1178143427016274025": {
        "ordersTotal": 2,
        "paidsTotal": 3,
        "lastPurchase": "2024-07-08T21:42:23.671Z"
    },
    "743822335508742145": {
        "ordersTotal": 1,
        "paidsTotal": 0.66,
        "lastPurchase": "2024-07-04T20:21:52.514Z"
    },
    "1251582045612937338": {
        "ordersTotal": 1,
        "paidsTotal": 0.9,
        "lastPurchase": "2024-07-05T20:39:18.172Z"
    },
    "1257065024300646490": {
        "ordersTotal": 1,
        "paidsTotal": 0.9,
        "lastPurchase": "2024-07-05T22:13:02.146Z"
    },
    "590283199456870473": {
        "ordersTotal": 1,
        "paidsTotal": 0.5,
        "lastPurchase": "2024-07-06T12:51:29.910Z"
    },
    "1241498866042404926": {
        "ordersTotal": 8,
        "paidsTotal": 12.629999999999999,
        "lastPurchase": "2024-07-18T18:58:15.766Z"
    },
    "768133937896620072": {
        "ordersTotal": 1,
        "paidsTotal": 1,
        "lastPurchase": "2024-07-06T21:29:43.858Z"
    },
    "1228823015177846867": {
        "ordersTotal": 1,
        "paidsTotal": 0.9,
        "lastPurchase": "2024-07-06T23:02:21.514Z"
    },
    "877966266969772124": {
        "ordersTotal": 3,
        "paidsTotal": 5.21,
        "lastPurchase": "2024-07-18T23:54:23.824Z"
    },
    "1208447671132491778": {
        "ordersTotal": 2,
        "paidsTotal": 3.21,
        "lastPurchase": "2024-07-07T01:43:15.351Z"
    },
    "1246157991015878827": {
        "ordersTotal": 4,
        "paidsTotal": 10.95,
        "lastPurchase": "2024-07-07T17:21:56.445Z"
    },
    "955509302750244886": {
        "ordersTotal": 3,
        "paidsTotal": 5.85,
        "lastPurchase": "2024-07-07T17:48:59.931Z"
    },
    "939553177752207390": {
        "ordersTotal": 1,
        "paidsTotal": 1.5,
        "lastPurchase": "2024-07-07T21:15:09.717Z"
    },
    "1117243722153869393": {
        "ordersTotal": 1,
        "paidsTotal": 3.7,
        "lastPurchase": "2024-07-07T23:49:13.958Z"
    },
    "600071922033623050": {
        "ordersTotal": 1,
        "paidsTotal": 2,
        "lastPurchase": "2024-07-08T00:50:22.630Z"
    },
    "841505991698677830": {
        "ordersTotal": 3,
        "paidsTotal": 10.1,
        "lastPurchase": "2024-07-09T00:17:33.657Z"
    },
    "970999974961754143": {
        "ordersTotal": 1,
        "paidsTotal": 17,
        "lastPurchase": "2024-07-08T15:03:03.069Z"
    },
    "310943312230088707": {
        "ordersTotal": 2,
        "paidsTotal": 4.5,
        "lastPurchase": "2024-07-08T19:02:04.281Z"
    },
    "1170808992084279356": {
        "ordersTotal": 4,
        "paidsTotal": 4.9,
        "lastPurchase": "2024-07-09T05:05:41.443Z"
    },
    "965046782008639488": {
        "ordersTotal": 1,
        "paidsTotal": 3.25,
        "lastPurchase": "2024-07-09T12:33:08.288Z"
    },
    "521564032814284812": {
        "ordersTotal": 1,
        "paidsTotal": 1.5,
        "lastPurchase": "2024-07-09T20:01:59.541Z"
    },
    "545674798328446986": {
        "ordersTotal": 7,
        "paidsTotal": 15.1,
        "lastPurchase": "2024-07-15T01:16:49.822Z"
    },
    "1203108317375762583": {
        "ordersTotal": 1,
        "paidsTotal": 2,
        "lastPurchase": "2024-07-11T16:25:55.114Z"
    },
    "1030592162473201728": {
        "ordersTotal": 2,
        "paidsTotal": 2,
        "lastPurchase": "2024-07-11T19:36:06.892Z"
    },
    "1182334236456398880": {
        "ordersTotal": 2,
        "paidsTotal": 4.55,
        "lastPurchase": "2024-07-13T23:32:36.632Z"
    },
    "372731971916398613": {
        "ordersTotal": 1,
        "paidsTotal": 2,
        "lastPurchase": "2024-07-12T03:15:58.089Z"
    },
    "1222368741136797736": {
        "ordersTotal": 2,
        "paidsTotal": 7.05,
        "lastPurchase": "2024-07-15T22:41:27.170Z"
    },
    "1257121258924146759": {
        "ordersTotal": 1,
        "paidsTotal": 8,
        "lastPurchase": "2024-07-14T17:51:32.052Z"
    },
    "1146852676357857321": {
        "ordersTotal": 1,
        "paidsTotal": 1.5,
        "lastPurchase": "2024-07-16T18:15:17.978Z"
    },
    "565653811138527233": {
        "ordersTotal": 2,
        "paidsTotal": 8.05,
        "lastPurchase": "2024-07-18T19:53:01.745Z"
    },
    "1090388033632739338": {
        "ordersTotal": 1,
        "paidsTotal": 2,
        "lastPurchase": "2024-07-19T16:04:53.580Z"
    },
    "867953628646887514": {
        "ordersTotal": 1,
        "paidsTotal": 0.5,
        "lastPurchase": "2024-07-21T05:51:38.968Z"
    },
    "873948786995626025": {
        "ordersTotal": 2,
        "paidsTotal": 1.1600000000000001,
        "lastPurchase": "2024-07-25T04:06:13.163Z"
    },
    "973758451484344400": {
        "ordersTotal": 1,
        "paidsTotal": 2,
        "lastPurchase": "2024-07-23T13:24:41.340Z"
    },
    "1243939219903352886": {
        "ordersTotal": 1,
        "paidsTotal": 2.5,
        "lastPurchase": "2024-07-23T20:41:47.541Z"
    },
    "1122346987203874926": {
        "ordersTotal": 2,
        "paidsTotal": 2,
        "lastPurchase": "2024-07-26T18:39:46.822Z"
    },
    "1234491367800180839": {
        "ordersTotal": 1,
        "paidsTotal": 2,
        "lastPurchase": "2024-07-27T23:31:51.736Z"
    },
    "1267931693247893505": {
        "ordersTotal": 2,
        "paidsTotal": 4.5,
        "lastPurchase": "2024-07-30T20:04:24.466Z"
    },
    "1005720836512174111": {
        "ordersTotal": 1,
        "paidsTotal": 3.35,
        "lastPurchase": "2024-08-01T09:17:05.564Z"
    },
    "1265685323095081021": {
        "ordersTotal": 1,
        "paidsTotal": 0.24,
        "lastPurchase": "2024-08-01T16:54:44.990Z"
    },
    "660123795281018930": {
        "ordersTotal": 1,
        "paidsTotal": 0.24,
        "lastPurchase": "2024-08-02T17:48:02.302Z"
    },
    "1356588437364408441": {
        "ordersTotal": 2,
        "paidsTotal": 1.24,
        "lastPurchase": "2025-05-21T03:47:19.778Z"
    },
    "1373344279015194694": {
        "ordersTotal": 16,
        "paidsTotal": 30.910000000000004,
        "lastPurchase": "2025-06-15T20:33:36.189Z"
    },
    "1099107016364015776": {
        "ordersTotal": 1,
        "paidsTotal": 0.5,
        "lastPurchase": "2025-05-21T03:03:14.455Z"
    },
    "1343701428761399369": {
        "ordersTotal": 1,
        "paidsTotal": 1.25,
        "lastPurchase": "2025-05-21T03:36:54.324Z"
    },
    "1236023950178386002": {
        "ordersTotal": 1,
        "paidsTotal": 1.98,
        "lastPurchase": "2025-05-21T15:51:25.725Z"
    },
    "1362250114458062869": {
        "ordersTotal": 3,
        "paidsTotal": 14.209999999999999,
        "lastPurchase": "2025-05-22T03:46:43.615Z"
    },
    "1346428281741639721": {
        "ordersTotal": 1,
        "paidsTotal": 0.99,
        "lastPurchase": "2025-05-22T03:52:32.607Z"
    },
    "1366897735961280616": {
        "ordersTotal": 3,
        "paidsTotal": 10.149999999999999,
        "lastPurchase": "2025-05-22T22:59:49.048Z"
    },
    "1004154266140819556": {
        "ordersTotal": 1,
        "paidsTotal": 0.99,
        "lastPurchase": "2025-05-22T14:56:24.077Z"
    },
    "1340083013031170189": {
        "ordersTotal": 1,
        "paidsTotal": 0.8699999999999999,
        "lastPurchase": "2025-05-23T12:13:27.069Z"
    },
    "939596802934603846": {
        "ordersTotal": 1,
        "paidsTotal": 1.45,
        "lastPurchase": "2025-05-23T23:45:49.281Z"
    },
    "1340067130413944853": {
        "ordersTotal": 2,
        "paidsTotal": 1.16,
        "lastPurchase": "2025-05-24T03:05:50.171Z"
    },
    "1375536159198937143": {
        "ordersTotal": 1,
        "paidsTotal": 0.29,
        "lastPurchase": "2025-05-24T02:34:36.541Z"
    },
    "1327817593888968746": {
        "ordersTotal": 1,
        "paidsTotal": 3,
        "lastPurchase": "2025-05-24T15:51:28.013Z"
    },
    "1239192166165905422": {
        "ordersTotal": 3,
        "paidsTotal": 2.8200000000000003,
        "lastPurchase": "2025-06-10T23:02:19.389Z"
    },
    "1343722289144922195": {
        "ordersTotal": 5,
        "paidsTotal": 8.9,
        "lastPurchase": "2025-05-25T21:40:35.856Z"
    },
    "1023172636597043260": {
        "ordersTotal": 7,
        "paidsTotal": 25.35,
        "lastPurchase": "2025-06-24T23:42:23.255Z"
    },
    "1344020096221188166": {
        "ordersTotal": 6,
        "paidsTotal": 6.41,
        "lastPurchase": "2025-06-08T21:35:42.276Z"
    },
    "1376947295165087746": {
        "ordersTotal": 1,
        "paidsTotal": 0.3,
        "lastPurchase": "2025-05-29T04:41:31.986Z"
    },
    "1287233640165806101": {
        "ordersTotal": 1,
        "paidsTotal": 1.65,
        "lastPurchase": "2025-05-30T01:14:49.760Z"
    },
    "1339732318847504485": {
        "ordersTotal": 3,
        "paidsTotal": 16.59,
        "lastPurchase": "2025-06-07T19:17:57.763Z"
    },
    "1359573891705602069": {
        "ordersTotal": 2,
        "paidsTotal": 2.25,
        "lastPurchase": "2025-06-07T13:32:37.247Z"
    },
    "1351924698459668480": {
        "ordersTotal": 1,
        "paidsTotal": 1.26,
        "lastPurchase": "2025-06-06T17:31:03.658Z"
    },
    "1269113370771198085": {
        "ordersTotal": 2,
        "paidsTotal": 1,
        "lastPurchase": "2025-06-07T16:16:42.898Z"
    },
    "1364067249194795199": {
        "ordersTotal": 9,
        "paidsTotal": 14.82,
        "lastPurchase": "2025-06-14T23:31:17.153Z"
    },
    "1377809438601383969": {
        "ordersTotal": 1,
        "paidsTotal": 10,
        "lastPurchase": "2025-06-07T23:00:36.126Z"
    },
    "752703893401763870": {
        "ordersTotal": 1,
        "paidsTotal": 0.99,
        "lastPurchase": "2025-06-08T00:50:10.776Z"
    },
    "1381319194951290921": {
        "ordersTotal": 7,
        "paidsTotal": 20.470000000000002,
        "lastPurchase": "2025-06-15T20:52:01.039Z"
    },
    "1326496174449885196": {
        "ordersTotal": 1,
        "paidsTotal": 3.7800000000000002,
        "lastPurchase": "2025-06-09T02:25:43.856Z"
    },
    "447409706219077650": {
        "ordersTotal": 1,
        "paidsTotal": 1.26,
        "lastPurchase": "2025-06-09T22:01:04.321Z"
    },
    "1379539944845869137": {
        "ordersTotal": 1,
        "paidsTotal": 1.26,
        "lastPurchase": "2025-06-09T22:11:34.965Z"
    },
    "1291774050749906956": {
        "ordersTotal": 1,
        "paidsTotal": 0.99,
        "lastPurchase": "2025-06-10T16:13:23.116Z"
    },
    "491945386039050240": {
        "ordersTotal": 1,
        "paidsTotal": 1.26,
        "lastPurchase": "2025-06-10T22:52:10.321Z"
    },
    "1316213674058453082": {
        "ordersTotal": 3,
        "paidsTotal": 7.29,
        "lastPurchase": "2025-06-15T19:12:33.578Z"
    },
    "1374574019612905483": {
        "ordersTotal": 1,
        "paidsTotal": 2,
        "lastPurchase": "2025-06-13T17:20:56.117Z"
    },
    "1377041099570286742": {
        "ordersTotal": 1,
        "paidsTotal": 1.5,
        "lastPurchase": "2025-06-13T20:26:40.101Z"
    },
    "1381447527290769580": {
        "ordersTotal": 1,
        "paidsTotal": 1.76,
        "lastPurchase": "2025-06-15T15:02:10.957Z"
    },
    "1102161774079385671": {
        "ordersTotal": 1,
        "paidsTotal": 0.99,
        "lastPurchase": "2025-06-15T15:30:10.873Z"
    },
    "1181395332735713310": {
        "ordersTotal": 2,
        "paidsTotal": 3.26,
        "lastPurchase": "2025-06-17T20:38:56.066Z"
    },
    "1382878914690551878": {
        "ordersTotal": 2,
        "paidsTotal": 2.49,
        "lastPurchase": "2025-06-19T06:10:50.933Z"
    },
    "1224459861694087188": {
        "ordersTotal": 4,
        "paidsTotal": 15.940000000000001,
        "lastPurchase": "2025-06-18T19:52:38.117Z"
    },
    "1098812061565325323": {
        "ordersTotal": 1,
        "paidsTotal": 0.35,
        "lastPurchase": "2025-06-19T15:33:24.119Z"
    },
    "1230658303839830120": {
        "ordersTotal": 1,
        "paidsTotal": 1.99,
        "lastPurchase": "2025-06-19T15:33:29.420Z"
    },
    "1287341840713912359": {
        "ordersTotal": 1,
        "paidsTotal": 2.44,
        "lastPurchase": "2025-06-19T23:18:33.185Z"
    },
    "1382681008800923791": {
        "ordersTotal": 1,
        "paidsTotal": 0.35,
        "lastPurchase": "2025-06-20T13:01:56.042Z"
    },
    "1254144197238325279": {
        "ordersTotal": 1,
        "paidsTotal": 1,
        "lastPurchase": "2025-06-20T14:33:45.250Z"
    },
    "1057850931384954880": {
        "ordersTotal": 2,
        "paidsTotal": 2,
        "lastPurchase": "2025-06-22T05:05:07.447Z"
    },
    "1170150445445033998": {
        "ordersTotal": 1,
        "paidsTotal": 1.99,
        "lastPurchase": "2025-06-21T19:37:35.651Z"
    },
    "1286495912901873705": {
        "ordersTotal": 1,
        "paidsTotal": 1.99,
        "lastPurchase": "2025-06-21T21:33:30.643Z"
    },
    "1311355161771380838": {
        "ordersTotal": 1,
        "paidsTotal": 1.5,
        "lastPurchase": "2025-06-23T16:38:30.655Z"
    }
}