{
    "06/05/2024": {
        "requests": 1,
        "receipts": 0.15
    },
    "06/07/2024": {
        "requests": 3,
        "receipts": 6.62
    },
    "06/09/2024": {
        "requests": 1,
        "receipts": 3.55
    },
    "06/10/2024": {
        "requests": 3,
        "receipts": 9.65
    },
    "06/12/2024": {
        "requests": 1,
        "receipts": 3.7
    },
    "06/15/2024": {
        "requests": 5,
        "receipts": 11.4
    },
    "06/16/2024": {
        "requests": 5,
        "receipts": 11.9
    },
    "06/18/2024": {
        "requests": 1,
        "receipts": 1.5
    },
    "06/19/2024": {
        "requests": 1,
        "receipts": 1
    },
    "06/20/2024": {
        "requests": 2,
        "receipts": 2.92
    },
    "07/03/2024": {
        "requests": 1,
        "receipts": 0.15
    },
    "07/04/2024": {
        "requests": 1,
        "receipts": 0.66
    },
    "07/05/2024": {
        "requests": 2,
        "receipts": 1.8
    },
    "07/06/2024": {
        "requests": 9,
        "receipts": 14.61
    },
    "07/07/2024": {
        "requests": 14,
        "receipts": 32.199999999999996
    },
    "07/08/2024": {
        "requests": 8,
        "receipts": 31.55
    },
    "07/09/2024": {
        "requests": 6,
        "receipts": 9.65
    },
    "07/10/2024": {
        "requests": 4,
        "receipts": 10.1
    },
    "07/11/2024": {
        "requests": 4,
        "receipts": 6
    },
    "07/12/2024": {
        "requests": 1,
        "receipts": 2
    },
    "07/13/2024": {
        "requests": 2,
        "receipts": 5.1
    },
    "07/14/2024": {
        "requests": 4,
        "receipts": 13
    },
    "07/15/2024": {
        "requests": 1,
        "receipts": 4.5
    },
    "07/16/2024": {
        "requests": 1,
        "receipts": 1.5
    },
    "07/18/2024": {
        "requests": 6,
        "receipts": 11.89
    },
    "07/19/2024": {
        "requests": 1,
        "receipts": 2
    },
    "07/21/2024": {
        "requests": 1,
        "receipts": 0.5
    },
    "07/22/2024": {
        "requests": 1,
        "receipts": 0.5
    },
    "07/23/2024": {
        "requests": 2,
        "receipts": 4.5
    },
    "07/25/2024": {
        "requests": 1,
        "receipts": 0.66
    },
    "07/26/2024": {
        "requests": 2,
        "receipts": 2
    },
    "07/27/2024": {
        "requests": 1,
        "receipts": 2
    },
    "07/30/2024": {
        "requests": 2,
        "receipts": 4.5
    },
    "08/01/2024": {
        "requests": 2,
        "receipts": 3.59
    },
    "08/02/2024": {
        "requests": 1,
        "receipts": 0.24
    }
}